Date,USO,SPY,VCLT,IWM,GLD
2015-01-05,18.790001,182.797379,75.40080999999999,109.573586,115.800003
2015-01-06,18.049999,181.07560700000002,76.200851,107.67793999999999,117.120003
2015-01-07,18.370001000000002,183.33201599999998,76.346336,109.003975,116.43
2015-01-08,18.549999,186.585236,75.72403,110.85291299999999,115.940002
2015-01-09,18.280001000000002,185.090027,75.950333,109.788376,117.260002
2015-01-12,17.41,183.640121,76.451378,109.424194,118.559998
2015-01-13,17.620001000000002,183.123596,76.128113,109.50823999999999,118.160004
2015-01-14,18.27,182.01803600000002,76.53218100000001,109.069321,117.970001
2015-01-15,17.450001,180.350677,77.243385,107.22973600000002,120.940002
2015-01-16,18.33,182.71582,76.572586,108.975945,122.519997
2015-01-20,17.48,183.105469,77.291855,108.51837900000001,124.199997
2015-01-21,17.77,184.0298,77.073639,108.172874,124.230003
2015-01-22,17.41,186.766479,76.855461,110.376663,125.230003
2015-01-23,17.0,185.74250800000002,77.615105,110.301971,124.230003
2015-01-26,16.870001000000002,186.177475,77.607056,111.36651599999999,122.989998
2015-01-27,17.209999,183.72168,77.631287,110.834244,124.400002
2015-01-28,16.559998999999998,181.365585,78.374802,108.96661399999999,123.41999799999999
2015-01-29,16.68,183.042038,78.019188,110.470055,120.760002
2015-01-30,17.82,180.74031100000002,78.900101,108.04213,123.449997
2015-02-02,18.620001000000002,182.978622,78.846603,109.03199,122.41999799999999
2015-02-03,19.620001000000002,185.62468,77.963142,110.98365,121.050003
2015-02-04,18.280001000000002,184.917847,77.557884,110.572777,121.58000200000001
2015-02-05,19.030001000000002,186.78462199999998,77.21749100000001,112.00149499999999,121.790001
2015-02-06,19.469998999999998,186.268112,76.455597,111.880104,118.639999
2015-02-09,19.77,185.434402,76.585266,110.992981,119.16999799999999
2015-02-10,18.940001000000002,187.409882,76.12329100000001,111.702675,118.470001
2015-02-11,18.51,187.518646,76.139473,111.543922,117.07
2015-02-12,19.18,189.32193,76.171898,112.813919,117.339996
2015-02-13,19.620001000000002,190.101303,75.74234799999999,113.486259,117.980003
2015-02-17,19.790001,190.40031399999998,75.029099,113.841125,116.010002
2015-02-18,19.26,190.418427,75.19117,113.962502,116.339996
2015-02-19,19.1,190.282516,74.964218,113.97186299999998,115.940002
2015-02-20,18.65,191.424316,75.04528,114.280014,115.279999
2015-02-23,18.110001,191.397171,75.89634699999999,114.392082,115.43
2015-02-24,18.040001,191.940842,76.277275,114.541473,115.260002
2015-02-25,18.65,191.77774,76.71491999999999,114.672226,115.699997
2015-02-26,18.030001000000002,191.551178,76.04220600000001,115.09241499999999,116.07
2015-02-27,18.1,190.89875800000002,76.382614,114.466774,116.160004
2015-03-02,18.32,192.104004,75.279129,115.297874,115.68
2015-03-03,18.49,191.315567,75.327881,114.616173,115.470001
2015-03-04,19.01,190.509064,75.4011,114.26133700000001,115.110001
2015-03-05,18.709999,190.717499,75.43364,114.59751100000001,115.0
2015-03-06,18.24,188.035172,74.490273,113.150093,111.860001
2015-03-09,18.35,188.81445300000001,74.43335,113.64501200000001,111.970001
2015-03-10,17.91,185.751587,74.929413,112.33766899999999,111.41999799999999
2015-03-11,17.77,185.316605,75.449875,113.028709,110.75
2015-03-12,17.440001000000002,187.672699,75.506821,114.90565500000001,110.720001
2015-03-13,16.799999,186.521805,75.010735,114.49477399999999,110.879997
2015-03-16,16.35,189.013855,75.30348199999999,115.16713,110.809998
2015-03-17,15.96,188.451996,75.66130799999999,115.475296,110.209999
2015-03-18,16.76,190.717499,76.970573,116.39975,112.370003
2015-03-19,16.08,189.847534,76.59650400000001,116.623878,112.290001
2015-03-20,16.43,191.523331,76.677803,117.651077,113.57
2015-03-23,16.780001000000002,191.15013100000002,76.710396,117.54834,114.290001
2015-03-24,16.790001,190.07603500000002,77.287773,117.520325,114.57
2015-03-25,17.360001,187.29071000000002,76.913689,114.71314199999999,114.730003
2015-03-26,18.209999,186.844666,76.010979,114.572647,115.480003
2015-03-27,17.139999,187.272491,76.645317,115.303261,115.059998
2015-03-30,17.23,189.55722,76.572098,116.86747700000001,113.75
2015-03-31,16.84,187.90055800000002,76.523315,116.49282099999999,113.660004
2015-04-01,17.58,187.23611499999998,77.321503,116.539627,115.599998
2015-04-02,17.559998999999998,187.90966799999998,76.92977900000001,116.755074,115.279999
2015-04-06,18.43,189.174911,76.65226,117.270241,116.690002
2015-04-07,19.059998999999998,188.674225,77.394951,116.520905,116.110001
2015-04-08,18.07,189.311417,77.33783000000001,117.523155,115.470001
2015-04-09,18.030001000000002,190.148849,76.791023,117.10163100000001,114.66999799999999
2015-04-10,18.41,191.18649299999998,76.750221,117.663651,115.970001
2015-04-13,18.5,190.32179299999999,76.807335,117.738571,115.139999
2015-04-14,18.82,190.685867,76.98691600000001,117.71046399999999,114.440002
2015-04-15,19.709999,191.541504,77.15010799999999,118.53476,115.43
2015-04-16,19.940001000000002,191.48689299999998,76.848137,118.46918500000001,115.029999
2015-04-17,19.84,189.284119,77.403114,116.549026,115.599998
2015-04-20,19.889999,191.01358000000002,77.109314,117.691727,114.720001
2015-04-21,19.450001,190.786011,76.970543,117.569969,115.379997
2015-04-22,19.360001,191.723602,76.15439599999999,117.747948,113.83000200000001
2015-04-23,19.76,192.205994,76.187057,118.28184499999999,114.660004
2015-04-24,19.67,192.652054,76.333954,117.88845800000001,113.050003
2015-04-27,19.52,191.850983,76.374786,116.58649399999999,115.33000200000001
2015-04-28,19.6,192.460846,75.615753,117.23278,116.33000200000001
2015-04-29,20.120001000000002,191.66896100000002,74.807793,115.95891599999999,115.510002
2015-04-30,20.51,189.748367,74.962868,113.504852,113.470001
2015-05-01,20.4,191.80548100000001,74.051132,114.244804,113.08000200000001
2015-05-04,20.280001000000002,192.351608,73.51049,114.656967,114.099998
2015-05-05,20.76,190.148849,73.387642,113.19576299999999,114.41999799999999
2015-05-06,20.82,189.366043,72.625824,113.589157,114.360001
2015-05-07,20.200001,190.121567,73.125488,114.020027,113.41999799999999
2015-05-08,20.42,192.624695,73.436775,114.872375,113.970001
2015-05-11,20.379998999999998,191.705353,72.208046,114.93794299999999,113.529999
2015-05-12,20.74,191.131897,72.27358199999999,114.731873,114.5
2015-05-13,20.610001,191.168304,71.68379200000001,114.731873,116.550003
2015-05-14,20.530001000000002,193.16175800000002,72.10157,115.949554,117.18
2015-05-15,20.52,193.37110900000002,73.117317,115.81841999999999,117.529999
2015-05-18,20.440001000000002,193.971832,72.36369300000001,117.129745,117.519997
2015-05-19,19.629998999999998,193.90815700000002,71.929535,116.97051200000001,115.889999
2015-05-20,19.84,193.771576,71.651009,117.18595900000001,116.08000200000001
2015-05-21,20.5,194.33596799999998,72.22444899999999,117.05481,115.690002
2015-05-22,20.25,193.871704,72.158875,116.549026,115.599998
2015-05-26,19.690001000000002,191.787277,72.97802,115.43436399999999,113.910004
2015-05-27,19.48,193.60775800000002,73.14186099999999,116.848747,113.889999
2015-05-28,19.559998999999998,193.389313,72.797813,116.745705,114.019997
2015-05-29,20.309998999999998,192.187805,72.82240300000001,116.043221,114.099998
2015-06-01,20.360001,192.579178,72.213982,116.40851599999999,114.0
2015-06-02,20.68,192.388,71.53155500000001,116.633316,114.459999
2015-06-03,20.17,192.897751,70.865578,117.794785,113.639999
2015-06-04,19.66,191.26843300000002,71.564438,116.61458600000002,112.839996
2015-06-05,19.9,190.940765,70.88203399999999,117.45758799999999,112.239998
2015-06-08,19.709999,189.766556,70.857376,116.91431399999999,112.57
2015-06-09,20.209999,189.739258,70.298248,116.558403,112.82
2015-06-10,20.639999,192.014816,69.96936,118.01021599999999,113.779999
2015-06-11,20.49,192.63382,71.12043,118.309952,113.260002
2015-06-12,20.27,191.15921,70.890259,117.95401000000001,113.230003
2015-06-15,20.15,190.33999599999999,70.816261,117.57933799999999,113.730003
2015-06-16,20.26,191.37767,71.03001400000001,118.412979,113.32
2015-06-17,20.209999,191.687149,70.914925,118.235023,113.849998
2015-06-18,20.360001,193.680573,70.840889,119.817978,115.32
2015-06-19,20.02,192.82076999999998,71.391769,119.761772,115.120003
2015-06-22,20.16,193.808624,70.495583,120.586052,113.639999
2015-06-23,20.469998999999998,193.945847,70.01873,120.838936,112.889999
2015-06-24,20.209999,192.537247,70.388695,119.817978,112.589996
2015-06-25,19.98,191.951874,70.174942,119.752403,112.440002
2015-06-26,19.98,191.915253,69.656944,119.424568,112.559998
2015-06-29,19.51,187.890778,70.520248,116.40851599999999,113.07
2015-06-30,19.879998999999998,188.284027,70.142021,116.951797,112.370003
2015-07-01,19.1,189.793259,69.94723499999999,117.298355,111.980003
2015-07-02,18.93,189.619461,70.293945,116.432014,111.760002
2015-07-06,17.73,189.079834,71.17714699999999,116.394402,112.059998
2015-07-07,17.76,190.26889,71.408249,116.52608500000001,110.760002
2015-07-08,17.379998999999998,187.07669099999998,71.862236,114.748283,111.089996
2015-07-09,17.709999,187.415115,70.937752,115.16216999999999,111.360001
2015-07-10,17.67,189.77496299999999,69.996773,116.761253,111.489998
2015-07-13,17.51,191.869537,69.914215,118.07813999999999,110.989998
2015-07-14,17.719998999999998,192.701889,69.914215,118.736595,110.739998
2015-07-15,17.23,192.637848,70.434227,118.106377,110.160004
2015-07-16,17.049999,194.18365500000002,70.657104,118.811844,109.760002
2015-07-17,16.99,194.348297,71.02855699999999,118.29448700000002,108.650002
2015-07-20,16.690001000000002,194.448883,70.846947,117.654854,105.699997
2015-07-21,16.91,193.680573,70.995499,117.099869,105.370003
2015-07-22,16.34,193.332993,71.26790600000001,117.53256200000001,104.800003
2015-07-23,16.139999,192.244553,71.812721,116.234489,104.33000200000001
2015-07-24,16.030001000000002,190.250595,72.118103,114.362625,105.349998
2015-07-27,15.65,189.143814,72.093361,113.412575,104.860001
2015-07-28,15.85,191.467117,72.035576,114.381432,105.019997
2015-07-29,16.24,192.78419499999998,71.565086,114.70127099999999,105.16999799999999
2015-07-30,16.1,192.829926,71.911766,115.030464,104.269997
2015-07-31,15.59,192.537247,72.085083,115.66071299999999,104.93
2015-08-03,15.1,191.88781699999998,72.480324,115.086929,104.099998
2015-08-04,15.22,191.512833,72.10746,114.814125,104.309998
2015-08-05,15.03,192.143936,71.767776,115.077499,103.93
2015-08-06,14.87,190.570724,71.84234599999999,113.52546699999999,104.389999
2015-08-07,14.56,190.204834,72.264915,112.76355,104.650002
2015-08-10,14.89,192.601273,71.70150799999999,114.06163000000001,105.720001
2015-08-11,14.49,190.863388,72.41403199999999,113.083359,106.260002
2015-08-12,14.44,191.092026,71.858879,112.86702,107.75
2015-08-13,14.09,190.85426299999997,71.999763,112.490761,106.860001
2015-08-14,13.99,191.549408,72.03293599999999,113.215057,106.849998
2015-08-17,13.89,192.619553,72.148903,114.409653,107.129997
2015-08-18,14.05,192.0616,71.751221,113.497253,107.110001
2015-08-19,13.43,190.543274,72.264915,112.321449,108.550003
2015-08-20,13.37,186.564468,72.480324,109.480721,110.440002
2015-08-21,13.23,180.948425,72.405762,108.201439,111.129997
2015-08-24,12.49,173.329254,71.718048,103.978004,110.529999
2015-08-25,12.73,171.289536,71.046936,103.178421,109.160004
2015-08-26,12.77,177.86601299999998,70.66583299999999,105.802826,107.66999799999999
2015-08-27,13.95,182.265549,70.723831,107.69348899999999,107.730003
2015-08-28,14.88,182.274689,71.055229,108.75641599999999,108.699997
2015-08-31,15.89,180.80206299999998,70.558121,108.36136599999999,108.82
2015-09-01,14.81,175.405548,70.97979000000001,105.257271,109.199997
2015-09-02,15.09,178.734955,70.871674,107.147934,108.620003
2015-09-03,15.34,178.862991,71.287537,106.97863000000001,107.839996
2015-09-04,15.08,176.15557900000002,71.753326,106.169701,107.489998
2015-09-08,15.02,180.582535,71.3125,108.596497,107.519997
2015-09-09,14.51,178.167847,71.45388,107.345474,106.129997
2015-09-10,14.93,179.13738999999998,71.212692,107.83458700000001,106.379997
2015-09-11,14.65,179.951431,71.395668,108.34253700000001,106.160004
2015-09-14,14.39,179.283691,71.45388,107.84400900000001,106.220001
2015-09-15,14.57,181.52465800000002,70.613861,109.057426,105.900002
2015-09-16,15.36,183.097839,70.638802,109.998077,107.309998
2015-09-17,15.23,182.686234,71.279236,110.37431299999999,108.410004
2015-09-18,14.62,179.700897,71.84478,108.850479,109.209999
2015-09-21,15.05,180.629547,71.087914,108.65296200000002,108.529999
2015-09-22,14.92,178.285049,71.7034,107.006836,107.790001
2015-09-23,14.44,178.0,71.645157,106.68703500000001,108.220001
2015-09-24,14.59,177.3564,71.811523,106.508316,110.489998
2015-09-25,14.72,177.31041000000002,71.370758,105.106499,109.809998
2015-09-28,14.38,172.860428,71.545372,102.16330699999999,108.41999799999999
2015-09-29,14.61,172.96156299999998,71.678436,101.436943,107.980003
2015-09-30,14.68,176.188705,71.553696,103.012314,106.860001
2015-10-01,14.58,176.648453,71.729858,102.833069,106.730003
2015-10-02,14.77,179.287155,72.05549599999999,104.361275,108.989998
2015-10-05,15.0,182.477585,71.646408,106.851685,108.769997
2015-10-06,15.74,181.85235600000001,71.905182,106.115875,109.860001
2015-10-07,15.57,183.341827,72.01374100000001,107.99311100000001,109.699997
2015-10-08,16.040001,184.996796,71.69648000000001,108.96476000000001,109.139999
2015-10-09,15.99,185.107101,71.838402,109.18171699999999,110.870003
2015-10-12,15.31,185.281799,72.12226899999999,109.02134699999999,111.309998
2015-10-13,15.06,184.11411999999999,72.038788,107.53088400000001,111.860001
2015-10-14,15.05,183.231491,72.331047,106.47433500000001,113.809998
2015-10-15,15.13,186.04489099999998,72.139,109.02134699999999,113.290001
2015-10-16,15.22,186.890793,72.339386,108.879852,112.489998
2015-10-19,14.83,186.982697,72.297653,109.087387,112.019997
2015-10-20,14.73,186.74366799999999,72.12226899999999,108.93645500000001,112.730003
2015-10-21,14.43,185.585251,72.69841,107.27618400000001,111.730003
2015-10-22,14.51,188.720474,72.93219,108.219536,111.690002
2015-10-23,14.27,190.78909299999998,72.790245,109.285477,111.5
2015-10-26,14.01,190.32023600000002,72.990616,108.540245,111.43
2015-10-27,13.82,189.95245400000002,73.23278,107.351646,111.68
2015-10-28,14.69,192.113113,73.015663,110.48353600000002,110.779999
2015-10-29,14.63,192.002777,72.022087,109.304375,109.720001
2015-10-30,14.81,191.175308,72.239174,108.804382,109.300003
2015-11-02,14.75,193.437103,71.983566,111.06839,108.589996
2015-11-03,15.28,193.99791000000002,71.824326,111.643829,106.980003
2015-11-04,14.85,193.4095,71.83270300000001,111.587227,105.970001
2015-11-05,14.48,193.216385,71.723732,111.672127,105.639999
2015-11-06,14.23,193.11525,71.128716,112.46453899999999,104.099998
2015-11-09,14.08,191.313248,70.961067,111.143852,104.400002
2015-11-10,14.09,191.75456200000002,70.977852,111.474014,104.18
2015-11-11,13.76,191.000626,70.801872,110.50239599999999,103.83000200000001
2015-11-12,13.35,188.334274,71.086823,108.38931299999999,103.849998
2015-11-13,13.06,186.219604,71.396889,107.606346,103.559998
2015-11-16,13.39,189.05143700000002,71.178986,108.53080700000001,103.709999
2015-11-17,13.01,188.913528,71.472313,108.115753,102.339996
2015-11-18,13.05,191.910828,71.52260600000001,109.94583899999999,102.43
2015-11-19,12.96,191.745361,72.042221,109.483597,103.559998
2015-11-20,12.93,192.444077,71.983566,110.191101,103.089996
2015-11-23,13.02,192.22340400000002,71.83270300000001,110.738228,102.260002
2015-11-24,13.32,192.480881,71.89978,111.5495,102.940002
2015-11-25,13.39,192.453278,71.89978,112.41735800000001,102.459999
2015-11-27,13.03,192.67396499999998,71.94165,112.841881,101.25
2015-11-30,12.93,191.874023,72.050606,112.351326,101.91999799999999
2015-12-01,12.95,193.703705,72.761452,113.09656499999998,102.279999
2015-12-02,12.48,191.72695900000002,72.60163100000001,111.879654,100.690002
2015-12-03,12.77,189.042236,71.230354,109.99299599999999,101.760002
2015-12-04,12.46,192.72911100000002,71.676216,111.10613300000001,104.019997
2015-12-07,11.72,191.561462,72.088493,109.43641699999999,102.66999799999999
2015-12-08,11.68,190.27426100000002,72.054825,108.832687,102.839996
2015-12-09,11.56,188.79396100000002,71.836067,107.61579099999999,102.639999
2015-12-10,11.37,189.28131100000002,71.869743,107.97424299999999,102.550003
2015-12-11,11.07,185.612808,72.281944,105.56875600000001,103.110001
2015-12-14,11.16,186.550613,71.48275799999999,104.814095,101.790001
2015-12-15,11.4,188.509003,71.364975,106.32339499999999,101.519997
2015-12-16,10.99,191.267227,71.440689,107.945953,102.75
2015-12-17,10.74,188.352692,71.70993,106.795074,100.5
2015-12-18,10.66,184.997162,71.693085,105.163109,102.040001
2015-12-21,10.66,186.523209,71.449097,105.955505,103.150002
2015-12-22,10.77,188.21580500000002,71.33976,106.92714699999999,102.610001
2015-12-23,11.26,190.546555,71.338882,108.27611499999999,102.309998
2015-12-24,11.3,190.23203999999998,71.507889,108.480759,103.050003
2015-12-28,10.93,189.797363,71.609268,107.97863799999999,102.269997
2015-12-29,11.26,191.822876,70.916412,109.143974,102.199997
2015-12-30,10.93,190.463272,70.73898299999999,108.044952,101.41999799999999
2015-12-31,11.0,188.558014,71.127663,106.6996,101.459999
2016-01-04,10.98,185.922073,70.992462,104.226807,102.889999
2016-01-05,10.66,186.236526,71.127663,104.454185,103.18
2016-01-06,10.11,183.887283,71.609268,102.862495,104.66999799999999
2016-01-07,9.9,179.475525,71.54169499999999,100.11496700000001,106.150002
2016-01-08,9.8,177.505524,71.66841099999999,98.390633,105.68
2016-01-11,9.25,177.681229,71.254417,97.964294,104.739998
2016-01-12,9.17,179.114853,71.685326,98.25798,104.209999
2016-01-13,9.09,174.647629,71.744484,95.103065,104.720001
2016-01-14,9.23,177.51474,71.262833,96.419975,103.019997
2016-01-15,8.79,173.704208,71.245956,94.85672,104.08000200000001
2016-01-19,8.49,173.93544,70.891052,93.577682,103.980003
2016-01-20,8.24,171.706436,70.417908,93.966133,105.370003
2016-01-21,8.56,172.66835,70.434799,93.748222,105.489998
2016-01-22,9.27,176.210678,70.688301,96.041016,105.0
2016-01-25,8.54,173.546982,70.54464,93.909302,106.08000200000001
2016-01-26,8.97,175.91468799999998,70.586876,95.785202,107.290001
2016-01-27,9.18,174.00018300000002,70.451691,94.46826899999999,107.690002
2016-01-28,9.7,174.906586,70.51931,94.449326,106.540001
2016-01-29,9.65,179.170334,70.840363,97.54742399999999,106.949997
2016-02-01,9.02,179.10556,70.630074,97.102127,108.050003
2016-02-02,8.57,175.877701,71.020119,95.008324,108.089996
2016-02-03,9.34,176.932098,70.58770799999999,95.1315,109.25
2016-02-04,9.12,177.209549,70.562271,95.500984,110.57
2016-02-05,8.91,173.83367900000002,70.579201,92.88606300000001,112.32
2016-02-08,8.64,171.49371299999999,70.82508100000001,91.360703,113.83000200000001
2016-02-09,8.18,171.50299099999998,70.723351,90.744865,113.58000200000001
2016-02-10,7.96,171.354965,71.096451,90.792259,114.459999
2016-02-11,7.99,169.125977,71.26604499999999,89.80690799999999,119.059998
2016-02-12,8.33,172.612854,71.045563,91.512283,118.360001
2016-02-16,8.31,175.52623,70.859055,93.681892,114.769997
2016-02-17,8.78,178.393417,70.79118299999999,95.150421,115.480003
2016-02-18,8.66,177.66272,71.26604499999999,94.69564799999999,118.290001
2016-02-19,8.55,177.579498,71.342323,95.16935,117.58000200000001
2016-02-22,8.91,180.150757,71.554314,96.230492,115.489998
2016-02-23,8.48,177.875458,71.554314,95.349388,117.220001
2016-02-24,8.59,178.68936200000002,71.630615,96.268387,117.610001
2016-02-25,8.8,180.853622,71.876503,97.149513,117.91999799999999
2016-02-26,8.78,180.43743899999998,71.783234,97.76531999999999,117.110001
2016-02-29,9.0,179.022339,71.57975,97.329521,118.639999
2016-03-01,9.15,183.230606,71.47758499999999,99.42333199999999,117.769997
2016-03-02,9.3,184.053787,71.44351999999999,100.446564,118.68
2016-03-03,9.25,184.775177,72.073494,101.498207,120.730003
2016-03-04,9.65,185.376343,72.073494,102.05719,120.540001
2016-03-07,10.11,185.524338,72.40550999999999,103.165665,121.139999
2016-03-08,9.65,183.498825,73.078064,100.67394300000001,120.58000200000001
2016-03-09,10.15,184.40524299999998,73.08659399999999,101.185547,119.58000200000001
2016-03-10,10.04,184.55320700000001,73.46968100000001,100.36129,121.5
2016-03-11,10.19,187.531372,74.24440799999999,102.51194,119.410004
2016-03-14,9.88,187.290863,74.584938,102.246674,117.870003
2016-03-15,9.7,186.985672,74.431686,100.655006,117.959999
2016-03-16,10.18,188.067825,74.465775,101.36556999999999,120.589996
2016-03-17,10.55,189.26091,74.95101899999999,102.91935699999999,120.129997
2016-03-18,10.48,190.004639,75.342621,103.847824,119.800003
2016-03-21,10.59,190.274246,75.5214,103.601501,118.959999
2016-03-22,10.54,190.171982,75.14679,103.478317,119.309998
2016-03-23,10.11,188.916962,75.274536,101.565414,116.610001
2016-03-24,10.06,188.833267,75.18087,101.869507,116.33000200000001
2016-03-28,10.01,188.944839,75.35965,101.99305,116.599998
2016-03-29,9.8,190.692596,76.28759000000001,104.824867,118.760002
2016-03-30,9.73,191.529282,75.90448,104.834373,117.099998
2016-03-31,9.7,191.06448400000002,76.15136,105.12894399999999,117.639999
2016-04-01,9.33,192.365997,76.57854499999999,105.594604,116.93
2016-04-04,9.08,191.743088,76.493095,104.71084599999999,116.150002
2016-04-05,9.13,189.828033,76.928833,103.522987,117.660004
2016-04-06,9.6,191.90113799999997,76.928833,104.691833,116.940002
2016-04-07,9.51,189.604889,77.31321700000001,103.275917,118.610001
2016-04-08,10.03,190.116226,77.193649,103.68453199999999,118.43
2016-04-11,10.28,189.669983,77.108162,103.36145,120.029999
2016-04-12,10.64,191.43634,76.27951,104.473267,120.050003
2016-04-13,10.51,193.370041,76.57854499999999,106.72543300000001,118.769997
2016-04-14,10.48,193.379303,76.621216,106.59236899999999,117.110001
2016-04-15,10.25,193.165497,76.93731700000001,106.858452,117.91999799999999
2016-04-18,10.17,194.52281200000002,77.287575,107.666206,117.739998
2016-04-19,10.44,195.136368,77.49260699999999,107.751724,119.58000200000001
2016-04-20,10.76,195.322342,77.29615,107.913261,118.970001
2016-04-21,10.72,194.271805,77.142372,107.371597,119.41999799999999
2016-04-22,10.76,194.271805,77.279053,108.43591299999999,117.889999
2016-04-25,10.55,193.937149,77.022758,107.666206,118.230003
2016-04-26,10.81,194.225296,76.945885,108.721001,118.699997
2016-04-27,11.14,194.62506100000002,77.560959,109.101105,119.040001
2016-04-28,11.22,192.85870400000002,77.817223,107.856255,121.290001
2016-04-29,11.3,191.81749,77.919762,106.886978,123.650002
2016-05-02,11.05,193.342148,77.611992,107.83725700000001,123.239998
2016-05-03,10.74,191.659439,78.083511,106.06973300000001,122.959999
2016-05-04,10.79,190.59033200000002,78.22069499999999,105.19547299999999,122.209999
2016-05-05,10.9,190.55316200000001,78.51215400000001,104.77735899999999,122.07
2016-05-06,10.96,191.250397,78.375,105.39504199999999,123.18
2016-05-09,10.68,191.408432,78.203529,105.699127,120.650002
2016-05-10,10.99,193.788391,78.057793,106.76342,120.980003
2016-05-11,11.34,191.975525,78.503563,105.442543,122.120003
2016-05-12,11.45,192.031296,78.22069499999999,104.881874,121.160004
2016-05-13,11.37,190.35789499999998,78.36640899999999,104.188179,121.709999
2016-05-16,11.76,192.23584,77.89490500000001,105.50907099999999,121.800003
2016-05-17,11.92,190.441589,77.920624,103.836586,122.220001
2016-05-18,11.7,190.497375,76.943291,104.378227,120.099998
2016-05-19,11.79,189.837311,76.84897600000001,103.54199200000001,119.870003
2016-05-20,11.75,191.036575,77.209038,105.28101299999999,119.709999
2016-05-23,11.66,190.776276,77.346237,105.157478,119.370003
2016-05-24,11.82,193.249146,77.09758000000001,107.324104,117.300003
2016-05-25,12.03,194.559998,76.96043399999999,107.951256,116.980003
2016-05-26,11.95,194.615738,77.457657,107.82773600000002,116.58000200000001
2016-05-27,11.98,195.452469,77.50054200000001,108.90155,115.620003
2016-05-31,11.87,195.080612,77.66342900000001,109.28166200000001,116.059998
2016-06-01,11.93,195.480392,77.694405,110.022865,115.940002
2016-06-02,11.86,196.07536299999998,78.081604,110.868622,115.66999799999999
2016-06-03,11.82,195.489655,78.95058399999999,110.203423,118.879997
2016-06-06,12.04,196.48439,78.718262,111.391273,118.91999799999999
2016-06-07,12.22,196.79118300000002,78.89035,111.71436299999999,118.82
2016-06-08,12.43,197.432678,79.27755,112.5411,120.58000200000001
2016-06-09,12.25,197.163071,79.535675,111.818886,121.25
2016-06-10,11.87,195.294418,79.638908,110.29847,121.739998
2016-06-13,11.76,193.788391,79.802391,109.101105,122.639999
2016-06-14,11.73,193.407196,79.6045,108.787529,122.769997
2016-06-15,11.47,193.13763400000002,79.664711,108.863548,123.68
2016-06-16,11.14,193.71400500000001,79.974464,108.85405700000001,122.379997
2016-06-17,11.66,192.99258400000002,79.67334699999999,108.388397,123.949997
2016-06-20,11.91,194.235458,79.458244,109.56676499999999,123.209999
2016-06-21,11.89,194.786835,79.105453,109.357681,120.839996
2016-06-22,11.74,194.469101,79.27755,108.93004599999999,120.900002
2016-06-23,11.98,197.001572,79.217331,111.01116200000001,120.110001
2016-06-24,11.4,189.927414,79.724953,106.79193899999999,126.0
2016-06-27,11.19,186.52586399999998,80.809074,103.285431,126.68
2016-06-28,11.47,189.890076,81.497375,104.881874,125.32
2016-06-29,11.79,193.123413,81.35112,107.267082,125.839996
2016-06-30,11.57,195.758652,81.342499,109.262657,126.470001
2016-07-01,11.78,196.169876,82.199821,109.652267,128.41000400000001
2016-07-05,11.18,194.758759,83.063164,108.03679699999999,129.470001
2016-07-06,11.33,195.926895,83.201309,108.82125900000001,130.229996
2016-07-07,10.82,195.80542,83.296272,109.050568,129.740005
2016-07-08,10.83,198.721024,83.986977,111.592201,130.520004
2016-07-11,10.65,199.42193600000002,84.09056899999999,112.882126,129.28999299999998
2016-07-12,11.19,200.870407,82.933678,114.39180800000001,127.150002
2016-07-13,10.75,200.842377,83.382607,113.942719,128.320007
2016-07-14,10.87,201.963745,83.05452700000001,114.05736499999999,127.33000200000001
2016-07-15,10.99,201.692749,82.199821,114.372681,126.839996
2016-07-18,10.82,202.234756,82.148026,114.563782,127.040001
2016-07-19,10.7,202.029144,82.64009899999999,113.990494,127.209999
2016-07-20,10.73,202.870193,82.61421999999999,114.73576399999999,125.389999
2016-07-21,10.49,202.103928,82.61421999999999,114.191147,127.300003
2016-07-22,10.42,203.01040600000002,82.761009,115.04154199999999,126.349998
2016-07-25,10.13,202.459045,82.579697,114.869545,125.470001
2016-07-26,10.08,202.55248999999998,82.579697,115.42373700000002,126.0
2016-07-27,9.9,202.337555,83.235863,115.748604,128.029999
2016-07-28,9.67,202.571198,83.132233,115.452385,127.660004
2016-07-29,9.76,202.898254,83.417152,115.681694,128.979996
2016-08-01,9.41,202.730072,82.813377,115.77726000000001,129.220001
2016-08-02,9.33,201.43109099999998,81.903809,114.162476,130.270004
2016-08-03,9.69,202.019791,81.88649000000001,115.089302,129.649994
2016-08-04,9.84,202.234756,82.553497,115.194405,129.869995
2016-08-05,9.86,203.888809,82.042435,116.85697900000001,127.550003
2016-08-08,10.1,203.76728799999998,82.24166899999999,116.799644,127.440002
2016-08-09,10.07,203.888809,82.934647,116.923851,127.959999
2016-08-10,9.77,203.384186,83.324448,116.083031,128.559998
2016-08-11,10.21,204.328033,82.891335,116.637199,127.66999799999999
2016-08-12,10.5,204.150482,83.44573199999999,116.75186200000002,127.400002
2016-08-15,10.76,204.739212,83.055908,117.90802,127.839996
2016-08-16,10.92,203.683243,82.822052,116.95253000000001,128.470001
2016-08-17,10.99,204.06639099999998,83.272453,116.60853600000002,128.5
2016-08-18,11.3,204.524277,83.44573199999999,117.468498,129.110001
2016-08-19,11.34,204.22522,83.133911,117.468498,127.970001
2016-08-22,10.97,204.21589699999998,83.575676,117.73603100000001,127.779999
2016-08-23,11.09,204.62706,83.748909,118.557777,127.760002
2016-08-24,10.82,203.580444,83.62764,117.592712,126.339996
2016-08-25,10.95,203.440247,83.350433,117.82202099999999,126.230003
2016-08-26,10.95,203.057098,83.14256999999999,117.583145,126.050003
2016-08-29,10.85,204.057037,83.86153399999999,118.194672,126.300003
2016-08-30,10.73,203.72061200000002,83.592987,118.414406,125.029999
2016-08-31,10.36,203.14119,83.549675,117.74558999999999,124.779999
2016-09-01,10.06,203.150574,83.384552,117.83157299999999,125.290001
2016-09-02,10.24,204.06639099999998,83.184639,118.96862,126.57
2016-09-06,10.39,204.683151,83.375839,119.083275,128.71000700000002
2016-09-07,10.52,204.664429,83.427971,119.828552,128.270004
2016-09-08,10.96,204.19722,82.515411,119.58969099999999,127.589996
2016-09-09,10.59,199.309784,81.35080699999999,115.853691,126.75
2016-09-12,10.64,202.169342,81.594131,117.468498,126.589996
2016-09-13,10.37,199.26306200000002,80.950989,115.21352399999999,125.75
2016-09-14,10.09,199.18826299999998,80.98575600000001,115.232643,126.18
2016-09-15,10.14,201.178772,80.924911,116.60853600000002,125.370003
2016-09-16,10.0,200.401108,81.37685400000001,116.43656899999999,125.059998
2016-09-19,9.98,200.438675,81.263832,117.210503,125.32
2016-09-20,10.07,200.448059,81.672348,116.71366100000002,125.440002
2016-09-21,10.4,202.702194,82.193832,118.40489199999999,127.269997
2016-09-22,10.53,203.979507,82.906532,120.105652,127.57
2016-09-23,10.19,202.86184699999998,82.68051899999999,119.25528,127.650002
2016-09-26,10.43,201.218262,82.906532,118.070999,127.550003
2016-09-27,10.15,202.467392,83.288963,118.550079,126.620003
2016-09-28,10.65,203.472351,83.454063,119.46031200000002,126.220001
2016-09-29,10.87,201.631454,83.41931899999999,117.71649199999999,126.07
2016-09-30,10.93,203.152985,83.17594100000001,119.00998700000001,125.639999
2016-10-03,11.1,202.664627,82.79833199999999,118.636307,125.32
2016-10-04,11.09,201.631454,82.144264,118.051849,120.970001
2016-10-05,11.35,202.523743,82.19659399999999,118.76087199999999,120.779999
2016-10-06,11.51,202.664627,82.10063199999999,118.636307,119.660004
2016-10-07,11.33,201.969635,82.327377,117.68775900000001,119.739998
2016-10-10,11.67,203.02153,82.318657,119.096222,120.160004
2016-10-11,11.58,200.457428,81.952377,116.92124199999999,119.550003
2016-10-12,11.43,200.720444,82.022163,116.825424,119.739998
2016-10-13,11.49,200.063004,82.519257,115.857704,120.029999
2016-10-14,11.44,200.166306,81.769226,115.38822900000001,119.360001
2016-10-17,11.37,199.471298,81.969849,115.254089,119.68
2016-10-18,11.45,200.720444,82.336128,115.915199,120.41999799999999
2016-10-19,11.66,201.255768,82.49308,116.403847,121.110001
2016-10-20,11.43,200.88011200000003,82.75475300000001,116.05891399999999,120.739998
2016-10-21,11.48,200.973999,82.894257,116.001419,120.83000200000001
2016-10-24,11.43,201.82873500000002,82.536705,116.73919699999999,120.559998
2016-10-25,11.24,201.152466,82.423302,115.86731,121.470001
2016-10-26,11.09,200.748627,81.865181,114.717529,120.790001
2016-10-27,11.21,200.213257,81.07151800000001,113.40489199999999,121.010002
2016-10-28,11.01,199.621552,80.722725,113.088707,121.58000200000001
2016-10-31,10.53,199.630951,81.106415,113.539024,121.940002
2016-11-01,10.57,198.18454,80.94279499999999,112.149727,122.730003
2016-11-02,10.28,196.991745,80.951561,110.72211499999999,123.639999
2016-11-03,10.08,196.09008799999998,80.610268,110.185547,124.300003
2016-11-04,9.98,195.8741,81.004051,110.89456899999999,124.389999
2016-11-07,10.16,200.194427,81.056572,113.606094,122.150002
2016-11-08,10.1,201.0961,80.811531,113.903099,121.639999
2016-11-09,10.28,203.228149,78.571381,117.409897,121.559998
2016-11-10,10.04,203.73533600000002,78.790138,119.287834,119.75
2016-11-11,9.77,203.265717,77.74884,122.028122,117.099998
2016-11-14,9.87,203.425369,77.22380799999999,123.743164,116.110001
2016-11-15,10.34,205.01268000000002,77.853859,124.126434,117.120003
2016-11-16,10.23,204.62756299999998,78.168892,124.11682900000001,116.769997
2016-11-17,10.13,205.679504,77.363815,124.845024,116.16999799999999
2016-11-18,10.32,205.219254,76.917519,125.506142,115.150002
2016-11-21,10.77,206.76899699999998,77.083794,126.090576,115.58000200000001
2016-11-22,10.63,207.17288200000002,77.21504200000001,127.240372,115.540001
2016-11-23,10.67,207.285583,77.162537,128.03561399999998,113.25
2016-11-25,10.33,208.05574,77.118782,128.457199,112.610001
2016-11-28,10.44,207.078934,77.486298,126.790039,113.800003
2016-11-29,10.06,207.482819,77.775093,126.722954,113.269997
2016-11-30,10.93,206.985031,77.13630699999999,126.100204,111.75
2016-12-01,11.33,206.22425800000002,76.474052,125.48696100000001,111.540001
2016-12-02,11.48,206.32756,76.957123,125.419899,112.139999
2016-12-05,11.35,207.567337,77.255753,127.57572900000001,111.540001
2016-12-06,11.29,208.22479199999998,77.255753,128.955414,111.43
2016-12-07,11.09,210.94853199999997,77.896927,130.210587,111.83000200000001
2016-12-08,11.31,211.465073,77.2733,132.260986,111.57
2016-12-09,11.44,212.74243199999998,76.737526,132.519684,110.400002
2016-12-12,11.62,212.49822999999998,76.96590400000001,131.120834,110.82
2016-12-13,11.73,213.91644300000002,77.413849,131.130402,110.449997
2016-12-14,11.32,212.15074199999998,76.834152,129.491989,108.83000200000001
2016-12-15,11.36,213.0242,77.02739,130.459686,107.339996
2016-12-16,11.55,212.60757400000003,76.904411,130.220169,108.050003
2016-12-19,11.5,213.070496,77.5895,131.072891,108.589996
2016-12-20,11.62,213.89241,77.405045,132.184341,107.790001
2016-12-21,11.44,213.297241,77.80029300000001,131.322021,107.849998
2016-12-22,11.46,212.928787,77.837311,130.189667,107.589996
2016-12-23,11.56,213.240585,77.899063,130.882339,107.93
2016-12-27,11.73,213.769608,77.749161,131.469208,108.559998
2016-12-28,11.75,212.002914,78.31349200000001,130.122314,108.860001
2016-12-29,11.72,211.95568799999998,78.49868000000001,130.237732,110.290001
2016-12-30,11.72,211.181,78.78968,129.73748799999998,109.610001
2017-01-03,11.44,212.79653900000002,78.948402,130.38208,110.470001
2017-01-04,11.58,214.0625,79.0895,132.556396,110.860001
2017-01-05,11.7,213.89241,79.98895300000001,131.02664199999998,112.58000200000001
2017-01-06,11.68,214.657684,79.433403,130.545593,111.75
2017-01-09,11.31,213.949142,79.706726,129.689377,112.66999799999999
2017-01-10,11.07,213.949142,79.750862,130.93048100000001,113.150002
2017-01-11,11.37,214.553757,79.768478,131.16136200000003,113.5
2017-01-12,11.54,214.015259,79.645027,130.151154,113.910004
2017-01-13,11.41,214.506531,79.54804200000001,131.094009,114.209999
2017-01-17,11.43,213.75073199999997,79.900772,129.31416299999998,115.849998
2017-01-18,11.16,214.22309900000002,79.283508,129.73748799999998,114.870003
2017-01-19,11.17,213.429504,78.921974,128.679153,114.769997
2017-01-20,11.39,214.213654,78.913139,129.343002,115.050003
2017-01-23,11.32,213.656219,79.318771,128.804214,115.790001
2017-01-24,11.37,215.02613799999997,79.13359100000001,130.77652,115.269997
2017-01-25,11.31,216.887314,78.58686800000001,132.007996,114.32
2017-01-26,11.53,216.660568,78.78968,131.478836,113.260002
2017-01-27,11.4,216.32046499999998,78.930786,131.02664199999998,113.489998
2017-01-30,11.28,214.97889700000002,78.630966,129.198669,113.970001
2017-01-31,11.32,214.960022,78.90434300000001,130.10304299999999,115.550003
2017-02-01,11.48,215.045044,78.488609,130.026108,115.199997
2017-02-02,11.51,215.186752,78.453239,129.69898999999998,115.839996
2017-02-03,11.54,216.67001299999998,78.568237,131.680878,116.129997
2017-02-06,11.38,216.282684,79.036987,130.689926,117.699997
2017-02-07,11.19,216.292145,79.258125,130.112671,117.459999
2017-02-08,11.23,216.575546,79.771111,129.88179,118.190002
2017-02-09,11.35,217.860382,79.275795,131.70971699999998,117.290001
2017-02-10,11.5,218.720123,79.3731,132.710342,117.599998
2017-02-13,11.32,219.91052200000001,79.24925999999999,133.056671,116.800003
2017-02-14,11.38,220.789154,79.028152,133.499207,116.93
2017-02-15,11.36,221.94172700000001,78.877792,134.297745,117.449997
2017-02-16,11.41,221.752823,79.196167,133.92254599999998,118.08000200000001
2017-02-17,11.39,222.102325,79.49691,133.83596799999998,117.68
2017-02-21,11.54,223.42498799999998,79.51460300000001,134.88464399999998,117.75
2017-02-22,11.36,223.226578,79.558838,134.288162,117.910004
2017-02-23,11.53,223.37776200000002,79.81534599999999,133.48959399999998,118.940002
2017-02-24,11.46,223.66120899999999,80.434471,133.393402,119.699997
2017-02-27,11.47,224.01075699999998,80.275261,134.69223,119.120003
2017-02-28,11.45,223.40609700000002,80.337181,132.614075,119.230003
2017-03-01,11.4,226.533249,79.777855,135.03855900000002,119.059998
2017-03-02,11.17,225.10668900000002,79.573662,133.48959399999998,117.58000200000001
2017-03-03,11.29,225.248367,79.467117,133.393402,117.510002
2017-03-06,11.28,224.577637,79.325096,132.479416,116.720001
2017-03-07,11.27,223.906815,78.907791,131.613541,115.779999
2017-03-08,10.67,223.49115,78.29523499999999,130.74765,115.059998
2017-03-09,10.53,223.77458199999998,77.620514,130.228134,114.470001
2017-03-10,10.29,224.55870099999999,77.940117,130.805389,114.720001
2017-03-13,10.28,224.672104,77.611618,131.113251,114.739998
2017-03-14,10.19,223.81234700000002,77.727028,130.4879,114.120003
2017-03-15,10.38,225.7491,78.748001,132.50826999999998,116.25
2017-03-16,10.36,225.305069,78.419525,132.68145800000002,116.730003
2017-03-17,10.33,224.90940899999998,78.792397,133.21061699999998,116.989998
2017-03-20,10.27,224.662704,78.943291,132.633331,117.510002
2017-03-21,10.11,221.77810699999998,79.387222,128.890839,118.540001
2017-03-22,10.12,222.30000299999998,79.635788,128.919708,118.83000200000001
2017-03-23,10.01,222.06280499999997,79.476021,129.670105,118.66999799999999
2017-03-24,10.09,221.90148900000003,79.70683299999999,129.763702,118.860001
2017-03-27,10.04,221.673767,80.044212,130.004913,119.529999
2017-03-28,10.15,223.286835,79.733459,131.01800500000002,119.040001
2017-03-29,10.37,223.49560499999998,80.079689,131.44258100000002,119.33000200000001
2017-03-30,10.57,224.20719900000003,79.697952,132.43634,118.470001
2017-03-31,10.64,223.68536400000002,79.813362,132.648636,118.720001
2017-04-03,10.55,223.296341,80.371086,131.249573,119.349998
2017-04-04,10.71,223.43864399999998,80.06819899999999,131.0952,119.620003
2017-04-05,10.68,222.77444500000001,80.255287,129.60931399999998,119.620003
2017-04-06,10.86,223.400711,80.23745699999999,130.81539899999999,119.18
2017-04-07,10.96,223.172974,79.952354,130.757553,119.459999
2017-04-10,11.14,223.30583199999998,80.18399000000001,131.046967,119.459999
2017-04-11,11.17,223.0401,80.780907,132.08900500000001,121.190002
2017-04-12,11.11,222.06280499999997,80.97694399999999,130.29435700000002,122.019997
2017-04-13,11.13,220.62051400000001,81.039291,129.02075200000002,122.599998
2017-04-17,11.06,222.575211,80.994743,130.53561399999998,122.239998
2017-04-18,11.04,221.91098,81.743111,130.56454499999998,122.82
2017-04-19,10.62,221.502991,81.297676,131.01800500000002,121.730003
2017-04-20,10.54,223.30583199999998,81.13730600000001,132.687225,121.959999
2017-04-21,10.32,222.594162,81.06603199999999,132.388138,122.309998
2017-04-24,10.25,225.04223599999997,81.030342,134.038025,121.480003
2017-04-25,10.36,226.351669,80.371086,135.340607,120.25
2017-04-26,10.26,226.20935099999997,80.647285,136.035294,120.839996
2017-04-27,10.24,226.399094,80.754189,135.996689,120.389999
2017-04-28,10.24,225.90570099999997,80.7631,134.173111,120.769997
2017-05-01,10.15,226.475006,80.433174,134.945007,119.66999799999999
2017-05-02,9.92,226.56044,80.82659100000001,134.259949,119.650002
2017-05-03,9.93,226.285217,80.93388399999999,133.430176,117.980003
2017-05-04,9.46,226.550919,80.620941,133.246841,116.790001
2017-05-05,9.66,227.442886,80.71929899999999,134.105576,117.010002
2017-05-08,9.67,227.40490699999998,80.433174,133.545944,116.75
2017-05-09,9.57,227.196182,80.549408,133.48808300000002,116.050003
2017-05-10,9.86,227.60415600000002,80.594131,134.31788600000002,116.040001
2017-05-11,9.94,227.13923599999998,80.692474,133.381912,116.5
2017-05-12,9.95,226.759689,81.184219,132.677597,116.83000200000001
2017-05-15,10.17,228.012161,81.291519,133.709976,117.139999
2017-05-16,10.11,227.80343599999998,81.506096,133.75824,117.650002
2017-05-17,10.19,223.761261,82.212425,130.14965800000002,119.790001
2017-05-18,10.26,224.662704,82.18561600000001,130.622421,118.809998
2017-05-19,10.48,226.123962,82.444901,131.249573,119.400002
2017-05-22,10.54,227.272049,82.230331,132.137268,119.900002
2017-05-23,10.64,227.774994,81.881615,132.571442,119.139999
2017-05-24,10.6,228.30633500000002,82.015739,132.65831,119.610001
2017-05-25,10.04,229.397522,82.042564,132.745132,119.480003
2017-05-26,10.28,229.350082,82.257172,132.70649699999998,120.540001
2017-05-30,10.24,229.15081800000002,82.579018,131.664474,120.139999
2017-05-31,9.96,229.09388700000002,82.75784300000001,131.529419,120.620003
2017-06-01,9.91,230.91569500000003,82.660011,134.066986,120.720001
2017-06-02,9.86,231.68427999999997,83.43163299999999,134.935364,121.610001
2017-06-05,9.8,231.51348900000002,83.027893,134.095917,121.730003
2017-06-06,9.97,230.773361,83.449585,133.970459,123.099998
2017-06-07,9.46,231.20037799999997,83.27912099999999,134.095917,122.449997
2017-06-08,9.43,231.31420899999998,83.135559,135.929138,121.650002
2017-06-09,9.49,230.96312000000003,83.063797,136.633499,120.540001
2017-06-12,9.52,230.91569500000003,82.983047,136.41156,120.360001
2017-06-13,9.6,232.044861,83.162476,137.106277,120.480003
2017-06-14,9.23,231.750687,84.122498,136.295792,119.82
2017-06-15,9.18,231.304733,83.907158,135.601089,119.32
2017-06-16,9.24,231.35527000000002,83.987938,135.26341200000002,119.339996
2017-06-19,9.12,233.28135699999999,83.93408199999999,136.26681499999998,118.43
2017-06-20,8.95,231.708069,84.427559,134.88707,118.18
2017-06-21,8.71,231.650833,84.409615,134.549408,118.519997
2017-06-22,8.78,231.545975,84.642868,135.06076000000002,118.91999799999999
2017-06-23,8.86,231.82251000000002,84.589058,135.958099,119.43
2017-06-26,8.93,231.975052,85.019699,136.122131,118.360001
2017-06-27,9.1,230.10621600000002,84.328873,134.92569,118.809998
2017-06-28,9.2,232.16575600000002,84.275017,136.99049399999998,118.900002
2017-06-29,9.21,230.12530499999997,83.79953,136.18000800000002,118.32
2017-06-30,9.5,230.554352,83.709793,135.967728,118.019997
2017-07-03,9.62,230.945267,83.562134,137.106277,116.089996
2017-07-05,9.25,231.47924799999998,83.64316600000001,136.614182,116.519997
2017-07-06,9.31,229.36245699999998,83.292061,134.830231,116.470001
2017-07-07,9.1,230.84992999999997,83.066994,136.138443,115.279999
2017-07-10,9.13,231.09780899999998,83.292061,135.547287,115.470001
2017-07-11,9.27,230.926193,83.346092,135.944611,115.620003
2017-07-12,9.33,232.661575,83.86823299999999,136.99115,116.029999
2017-07-13,9.47,233.05248999999998,83.688202,137.10742199999999,115.82
2017-07-14,9.59,234.13945,83.841225,137.33999599999999,116.769997
2017-07-17,9.45,234.110886,83.93124399999999,137.65976,117.290001
2017-07-18,9.54,234.23481800000002,84.4804,137.301254,118.110001
2017-07-19,9.69,235.502975,84.489395,138.66755700000002,118.08000200000001
2017-07-20,9.61,235.60784900000002,84.67845200000001,138.764465,118.239998
2017-07-21,9.34,235.398102,85.056564,138.134598,119.260002
2017-07-24,9.5,235.340897,84.687454,138.3284,119.309998
2017-07-25,9.81,235.912979,84.13832099999999,139.58812,118.91999799999999
2017-07-26,9.96,235.922516,84.37236800000001,138.812912,119.879997
2017-07-27,10.06,235.70320099999998,84.003258,137.931122,119.790001
2017-07-28,10.17,235.42668199999997,84.327347,137.562881,120.690002
2017-07-31,10.28,235.29321299999998,84.36335799999999,137.126831,120.75
2017-08-01,10.09,235.81761200000003,84.750908,137.388443,120.650002
2017-08-02,10.14,235.93206800000002,84.732849,135.886459,120.400002
2017-08-03,10.02,235.47436499999998,85.05806,135.20813,120.589996
2017-08-04,10.13,235.903427,84.353447,135.867065,119.650002
2017-08-07,10.1,236.34201000000002,84.525101,136.089935,119.510002
2017-08-08,10.06,235.76040600000002,84.245049,135.663574,119.860001
2017-08-09,10.15,235.750885,84.199875,134.491058,121.309998
2017-08-10,9.91,232.42317200000002,84.226959,132.049149,122.209999
2017-08-11,9.99,232.766464,84.190849,132.24293500000002,122.790001
2017-08-14,9.72,235.073883,84.127602,134.248779,121.91999799999999
2017-08-15,9.75,235.045303,83.955963,133.144119,120.980003
2017-08-16,9.57,235.455292,84.290222,133.182877,121.870003
2017-08-17,9.62,231.78436299999998,84.344421,130.750595,122.489998
2017-08-18,9.97,231.42202799999998,84.245049,130.740952,122.300003
2017-08-21,9.71,231.603165,84.516029,130.65373200000002,122.760002
2017-08-22,9.77,234.02508500000002,84.516029,132.068497,122.209999
2017-08-23,9.88,233.185989,84.886398,131.855331,122.66999799999999
2017-08-24,9.71,232.642502,84.66055300000001,132.262314,122.290001
2017-08-25,9.75,233.185989,84.877388,132.640228,122.739998
2017-08-28,9.53,233.19554100000002,84.90448,133.202271,124.690002
2017-08-29,9.46,233.462494,85.03096,133.231354,124.41999799999999
2017-08-30,9.38,234.56854199999998,84.994789,134.084045,124.360001
2017-08-31,9.63,235.97972099999998,85.347122,135.401917,125.82
2017-09-01,9.67,236.313446,84.931061,136.16748,126.059998
2017-09-05,9.92,234.61622599999998,85.638077,134.859299,127.459999
2017-09-06,10.04,235.41711400000003,85.130478,135.140305,126.809998
2017-09-07,10.03,235.388565,85.837463,134.801117,128.130005
2017-09-08,9.73,235.11204500000002,85.338943,134.907745,127.970001
2017-09-11,9.82,237.61970499999998,84.931061,136.322525,126.190002
2017-09-12,9.87,238.420654,84.54128299999999,137.155869,126.559998
2017-09-13,10.07,238.53508,84.55034599999999,137.562881,125.610001
2017-09-14,10.13,238.45877099999998,84.804161,137.43688999999998,126.160004
2017-09-15,10.2,238.779816,85.048897,137.998947,125.529999
2017-09-18,10.17,239.287674,84.912933,138.938873,124.360001
2017-09-19,10.11,239.52722200000002,84.931061,138.938873,124.620003
2017-09-20,10.24,239.61344900000003,84.976372,139.38464399999998,123.620003
2017-09-21,10.25,238.97145099999997,85.039825,139.239304,122.68
2017-09-22,10.24,239.019363,85.221115,139.830399,123.239998
2017-09-25,10.55,238.53065499999997,85.66526800000001,140.02417,124.529999
2017-09-26,10.49,238.674408,85.656212,140.470062,123.139999
2017-09-27,10.52,239.60386699999998,84.922012,143.219025,121.980003
2017-09-28,10.43,239.89135699999997,85.10327099999999,143.59787,122.209999
2017-09-29,10.43,240.73455800000002,85.357079,143.937851,121.58000200000001
2017-10-02,10.21,241.77905299999998,85.43438,145.70575,120.769997
2017-10-03,10.18,242.296494,85.679955,146.026291,120.83000200000001
2017-10-04,10.08,242.583954,85.64357,145.560059,121.16999799999999
2017-10-05,10.25,244.02130099999997,85.53443100000001,145.95829799999998,120.519997
2017-10-06,9.97,243.74339300000003,85.297958,145.754333,121.089996
2017-10-09,10.0,243.34094199999998,85.479866,145.152054,122.08000200000001
2017-10-10,10.28,243.982956,85.579903,145.569748,122.400002
2017-10-11,10.36,244.366257,85.598099,145.462921,122.790001
2017-10-12,10.23,244.002106,85.77091999999999,145.356064,122.889999
2017-10-13,10.37,244.299194,86.25299100000001,145.093781,123.82
2017-10-16,10.46,244.624954,85.952843,144.967529,122.970001
2017-10-17,10.49,244.79745499999999,85.952843,144.54981999999998,122.129997
2017-10-18,10.48,245.03701800000002,85.743652,145.23950200000002,121.66999799999999
2017-10-19,10.35,245.10407999999998,85.880066,145.016083,122.389999
2017-10-20,10.43,246.368927,85.49805500000001,145.68634,121.610001
2017-10-23,10.42,245.41069,85.598099,144.59840400000002,121.800003
2017-10-24,10.54,245.841904,85.397995,144.899506,121.33000200000001
2017-10-25,10.48,244.624954,85.17971,144.200104,121.349998
2017-10-26,10.57,244.941177,85.116043,144.501236,120.33000200000001
2017-10-27,10.84,246.943863,85.616295,145.50177,120.900002
2017-10-30,10.87,246.024002,85.98919699999999,143.966995,121.129997
2017-10-31,10.93,246.407227,85.961922,144.986923,120.66999799999999
2017-11-01,10.9,246.73303199999998,86.034935,144.02526899999998,121.110001
2017-11-02,10.99,246.82888799999998,86.226601,144.452682,121.190002
2017-11-03,11.18,247.65296899999998,86.41825899999999,144.35553000000002,120.620003
2017-11-06,11.51,248.03625499999998,86.473,144.520676,121.650002
2017-11-07,11.49,247.86377000000002,86.463875,142.791626,121.209999
2017-11-08,11.41,248.28533900000002,86.308746,142.98588600000002,121.629997
2017-11-09,11.46,247.38464399999998,85.998428,142.480789,122.129997
2017-11-10,11.42,247.30796800000002,85.012772,142.373932,121.129997
2017-11-13,11.38,247.537979,85.26831800000001,142.412827,121.309998
2017-11-14,11.13,246.96304300000003,85.30484,142.02426100000002,121.559998
2017-11-15,11.09,245.726944,85.843292,141.460876,121.410004
2017-11-16,11.07,247.815857,85.441734,143.539597,121.400002
2017-11-17,11.35,247.08757000000003,85.879776,144.200104,122.860001
2017-11-20,11.28,247.509201,86.025818,145.249207,121.309998
2017-11-21,11.4,249.12860099999997,86.400017,146.764542,121.510002
2017-11-22,11.6,248.908264,86.79244200000001,146.57028200000002,122.629997
2017-11-24,11.79,249.483154,86.828918,146.628525,122.32
2017-11-27,11.59,249.35859700000003,86.81979399999999,146.181732,122.83000200000001
2017-11-28,11.58,251.88828999999998,86.78331,148.483871,122.809998
2017-11-29,11.47,251.73498500000002,86.20835100000001,148.97924799999998,122.040001
2017-11-30,11.47,253.938919,86.107948,149.251251,121.099998
2017-12-01,11.67,253.41189599999998,86.834999,148.639297,121.589996
2017-12-04,11.49,253.10527000000002,86.871643,148.085602,121.18
2017-12-05,11.54,252.194931,87.32032,146.609116,120.32
2017-12-06,11.2,252.24285899999998,87.622498,145.91946399999998,120.07
2017-12-07,11.33,253.038208,87.16465,146.939423,118.489998
2017-12-08,11.49,254.418015,87.182968,147.075378,118.480003
2017-12-11,11.6,255.184616,87.146339,147.01710500000002,118.010002
2017-12-12,11.44,255.63494900000003,87.045609,146.560562,118.150002
2017-12-13,11.33,255.60621600000002,87.677437,147.434769,119.16999799999999
2017-12-14,11.43,254.56173700000002,87.86975100000001,145.80285600000002,118.93
2017-12-15,11.46,256.68161000000003,88.272644,147.881622,119.18
2017-12-18,11.44,258.309296,87.769012,149.882645,119.730003
2017-12-19,11.51,257.317261,87.08225300000001,148.697586,119.82
2017-12-20,11.61,257.182465,86.487045,148.988998,120.139999
2017-12-21,11.64,257.712128,86.999832,149.641281,120.309998
2017-12-22,11.66,257.644745,86.935722,149.368286,120.940002
2017-12-26,11.95,257.336517,87.09568,149.45602399999999,121.769997
2017-12-27,11.92,257.46176099999997,88.023964,149.309753,122.230003
2017-12-28,11.97,257.991425,87.82178499999999,149.894791,122.849998
2017-12-29,12.01,257.018707,88.005585,148.65649399999998,123.650002
2018-01-02,12.07,258.858276,87.169189,150.060562,125.150002
2018-01-03,12.34,260.495544,87.637947,150.216599,124.82
2018-01-04,12.37,261.593475,87.54604300000001,150.616333,125.459999
2018-01-05,12.31,263.336731,87.417366,150.92836,125.33000200000001
2018-01-08,12.38,263.818329,87.444946,151.162384,125.309998
2018-01-09,12.57,264.41540499999996,86.78315699999999,150.957611,124.730003
2018-01-10,12.68,264.010986,87.058876,150.977112,125.029999
2018-01-11,12.7,265.937164,87.444946,153.570755,125.440002
2018-01-12,12.87,267.670837,87.73904399999999,154.214294,126.959999
2018-01-16,12.76,266.755829,87.77580999999999,152.24469,127.16999799999999
2018-01-17,12.78,269.29846200000003,87.463318,153.687759,126.139999
2018-01-18,12.76,268.845825,86.865891,152.63472,125.860001
2018-01-19,12.72,270.06897000000004,86.544189,154.643341,126.41999799999999
2018-01-22,12.78,272.26489300000003,86.562569,155.472092,126.650002
2018-01-23,12.97,272.842773,86.810738,155.969391,127.279999
2018-01-24,13.22,272.736847,86.709625,155.004089,128.830002
2018-01-25,13.06,272.852356,87.518478,155.062592,127.970001
2018-01-26,13.24,276.011414,87.398979,155.618378,128.070007
2018-01-29,13.11,274.181458,86.97618100000001,154.740814,127.349998
2018-01-30,12.9,271.36920200000003,86.516624,153.25874299999998,126.800003
2018-01-31,12.98,271.504028,87.04052,152.459183,127.650002
2018-02-01,13.24,271.19580099999996,86.19680799999999,152.936981,128.070007
2018-02-02,13.04,265.291901,85.532898,149.992325,126.389999
2018-02-05,12.77,254.196716,85.293159,144.229752,126.709999
2018-02-06,12.7,259.204987,85.17327900000001,145.95559699999998,125.379997
2018-02-07,12.37,257.79882799999996,84.610809,146.101852,124.790001
2018-02-08,12.09,248.12907400000003,84.039124,141.81163,124.980003
2018-02-09,11.86,251.856323,83.522751,143.108444,124.769997
2018-02-12,11.89,255.55474900000002,83.716385,144.46376,125.370003
2018-02-13,11.87,256.190399,83.541199,144.775787,126.08000200000001
2018-02-14,12.18,259.64804100000003,83.190811,147.37918100000002,128.229996
2018-02-15,12.33,262.961121,83.744087,148.988022,128.380005
2018-02-16,12.38,263.03814700000004,84.140549,149.514542,127.959999
2018-02-20,12.39,261.39120499999996,83.753258,148.285965,126.239998
2018-02-21,12.29,260.091034,83.015594,148.441986,125.660004
2018-02-22,12.59,260.428162,83.190811,148.207947,126.300003
2018-02-23,12.77,264.579163,83.891571,150.138565,126.139999
2018-02-26,12.86,267.65155,83.87314599999999,151.12338300000002,126.449997
2018-02-27,12.65,264.309509,83.458206,148.94898999999998,125.129997
2018-02-28,12.37,261.63205,83.725601,146.59913600000002,125.0
2018-03-01,12.35,257.827667,83.534126,146.209137,124.720001
2018-03-02,12.37,259.15679900000003,83.071587,148.54925500000002,125.389999
2018-03-05,12.59,262.15213,83.062347,149.87532,125.18
2018-03-06,12.57,262.816681,83.247345,151.493896,126.529999
2018-03-07,12.35,262.720398,83.108582,152.82974199999998,125.720001
2018-03-08,12.15,263.991669,83.45084399999999,152.5177,125.41999799999999
2018-03-09,12.47,268.585785,83.00683599999999,154.95533799999998,125.540001
2018-03-12,12.37,268.248688,83.182594,155.228363,125.540001
2018-03-13,12.24,266.51507599999997,83.265854,154.50683600000002,125.779999
2018-03-14,12.28,265.1474,83.737648,153.775528,125.699997
2018-03-15,12.34,264.858459,83.75614200000001,153.005234,124.900002
2018-03-16,12.55,265.145721,83.737648,153.863281,124.599998
2018-03-19,12.55,261.55816699999997,83.376839,152.38118,124.870003
2018-03-20,12.81,262.003021,82.979088,152.342194,124.309998
2018-03-21,13.18,261.500183,82.868065,153.229492,126.480003
2018-03-22,12.95,254.963379,83.025337,149.869537,125.980003
2018-03-23,13.28,249.52896099999998,82.673813,146.644424,127.610001
2018-03-26,13.21,256.355865,83.025337,149.849976,128.279999
2018-03-27,13.08,251.99478100000002,83.635864,146.947388,127.489998
2018-03-28,13.04,251.25015299999998,83.793152,146.89851399999998,125.730003
2018-03-29,13.09,254.460587,84.514702,148.38403300000002,125.790001
2018-04-02,12.74,248.968109,84.53511800000001,144.76800500000002,127.260002
2018-04-03,12.81,252.15918,83.96859,146.83989,126.300003
2018-04-04,12.82,254.85703999999998,84.08931,148.706528,126.449997
2018-04-05,12.83,256.868347,83.83856999999999,149.937943,125.800003
2018-04-06,12.51,251.14379900000003,84.470108,146.947388,126.389999
2018-04-09,12.77,252.381546,84.50725600000001,147.123306,126.82
2018-04-10,13.25,256.394562,84.562988,149.898849,127.120003
2018-04-11,13.45,255.050446,84.730171,150.221359,128.110001
2018-04-12,13.52,257.148773,84.55371099999999,151.247513,126.620003
2018-04-13,13.55,256.394562,84.590858,150.455902,127.449997
2018-04-16,13.38,258.502502,84.525848,151.843674,127.629997
2018-04-17,13.41,261.268097,84.655884,153.495316,127.75
2018-04-18,13.88,261.46148700000003,83.931435,153.905792,127.849998
2018-04-19,13.77,260.011078,83.402061,152.84053,127.599998
2018-04-20,13.75,257.806305,82.90052,152.019577,126.629997
2018-04-23,13.92,257.76763900000003,82.77050799999999,151.794815,125.620003
2018-04-24,13.68,254.296219,82.333977,150.925003,126.230003
2018-04-25,13.72,254.924698,81.934616,150.700256,125.410004
2018-04-26,13.77,257.516235,82.23181899999999,151.394119,124.970001
2018-04-27,13.73,257.757965,82.56617,151.179108,125.5
2018-04-30,13.8,255.775681,82.426872,149.84021,124.589996
2018-05-01,13.61,256.230164,82.146332,150.573166,123.709999
2018-05-02,13.67,254.508942,81.969254,151.14001499999998,123.650002
2018-05-03,13.82,253.94804399999998,81.997215,150.319046,124.279999
2018-05-04,14.09,257.23580899999996,82.015846,152.195496,124.540001
2018-05-07,14.1,258.10611,81.86673,153.485535,124.57
2018-05-08,14.06,258.10611,81.698975,154.247833,124.589996
2018-05-09,14.37,260.600891,81.624413,155.078552,124.33000200000001
2018-05-10,14.41,263.037628,82.40728,155.909256,125.18
2018-05-11,14.25,263.84021,82.668243,156.212234,125.0
2018-05-14,14.38,263.965973,82.435257,155.616058,124.489998
2018-05-15,14.4,262.14804100000003,81.493927,155.645386,122.480003
2018-05-16,14.46,263.25036600000004,81.35412600000001,157.267685,122.290001
2018-05-17,14.49,263.028015,81.009293,157.990921,122.360001
2018-05-18,14.43,262.37048300000004,81.493927,158.19613600000002,122.410004
2018-05-21,14.67,264.343079,81.59644300000001,159.24186699999998,122.480003
2018-05-22,14.56,263.608154,81.484619,158.08863799999997,122.410004
2018-05-23,14.51,264.33340499999997,81.95060699999999,158.29388400000002,122.540001
2018-05-24,14.29,263.79193100000003,82.314102,158.35253899999998,123.589996
2018-05-25,13.68,263.163391,82.733467,158.069107,123.209999
2018-05-29,13.51,260.136688,83.47910300000001,157.85408,123.190002
2018-05-30,13.83,263.608154,82.85464499999999,160.355988,123.370003
2018-05-31,13.55,261.993317,82.845322,159.075729,123.099998
2018-06-01,13.25,264.565521,82.51693,160.121445,122.489998
2018-06-04,13.12,265.82260099999996,82.22692099999999,160.97171,122.370003
2018-06-05,13.22,266.015961,82.37661,161.968536,122.849998
2018-06-06,13.16,268.240021,81.89948299999999,163.141312,122.91999799999999
2018-06-07,13.35,268.210999,82.23625899999999,162.251968,122.860001
2018-06-08,13.27,269.003937,82.002388,162.740616,123.010002
2018-06-11,13.36,269.36175499999996,82.133354,162.984955,123.230003
2018-06-12,13.4,269.709839,82.142715,163.727692,122.82
2018-06-13,13.47,268.849182,82.086578,163.082642,123.190002
2018-06-14,13.52,269.526123,82.573082,163.95245400000002,123.379997
2018-06-15,13.05,269.18225099999995,82.51693,164.001328,121.339996
2018-06-18,13.29,268.628632,82.26434300000001,164.773438,121.110001
2018-06-19,13.14,267.59899900000005,82.208221,164.78315700000002,120.800003
2018-06-20,13.28,268.05551099999997,81.57202099999999,166.11231999999998,120.260002
2018-06-21,13.31,266.37512200000003,81.450409,164.558395,120.050003
2018-06-22,14.02,266.860779,81.375557,164.011108,120.339996
2018-06-25,13.77,263.22805800000003,81.197784,161.33331299999998,119.889999
2018-06-26,14.27,263.810883,81.497192,162.27148400000002,119.260002
2018-06-27,14.65,261.62536600000004,81.955605,159.67189,118.58000200000001
2018-06-28,14.86,263.121185,81.936897,160.160538,118.220001
2018-06-29,15.06,263.500031,81.927559,160.05303999999998,118.650002
2018-07-02,14.96,264.063416,81.885307,161.157379,117.459999
2018-07-03,14.92,263.13092,82.411041,161.79981999999998,118.650002
2018-07-05,14.78,265.277527,82.99311800000001,163.643799,119.050003
2018-07-06,14.96,267.521301,83.284157,165.02681,118.860001
2018-07-09,15.03,269.93017599999996,83.26535,166.066483,119.150002
2018-07-10,15.07,270.901459,83.293541,165.311234,118.93
2018-07-11,14.31,268.920013,83.415581,163.90866100000002,117.639999
2018-07-12,14.39,271.358002,83.60335500000001,164.703125,118.129997
2018-07-13,14.47,271.57171600000004,83.96012900000001,164.21270800000002,117.610001
2018-07-16,13.94,271.328888,83.60335500000001,163.57515,117.550003
2018-07-17,13.95,272.426483,83.359261,164.30098,116.279999
2018-07-18,14.1,272.999573,83.096367,164.76196299999998,116.309998
2018-07-19,14.13,271.96994,83.509476,165.92918400000002,115.809998
2018-07-20,14.15,271.659119,82.889847,165.25238000000002,116.559998
2018-07-23,14.09,272.16418500000003,82.36410500000001,165.458374,116.0
2018-07-24,14.23,273.533752,82.852295,163.692856,116.040001
2018-07-25,14.42,275.864929,83.087013,164.291168,116.68
2018-07-26,14.47,275.214172,83.255997,165.17391999999998,115.769997
2018-07-27,14.32,273.349243,83.50009200000001,162.09407,115.83000200000001
2018-07-30,14.54,271.921417,83.199669,161.054382,115.650002
2018-07-31,14.28,273.261749,83.706627,162.692398,115.989998
2018-08-01,14.09,272.805267,83.171379,162.584503,115.139999
2018-08-02,14.36,274.29141200000004,83.265594,163.771332,114.519997
2018-08-03,14.27,275.466705,83.651978,163.202423,114.91999799999999
2018-08-06,14.31,276.476868,83.717934,164.114624,114.33000200000001
2018-08-07,14.36,277.38989300000003,83.322151,164.506958,114.589996
2018-08-08,13.9,277.273346,83.190224,164.359833,114.910004
2018-08-09,13.88,276.894562,83.209068,164.781601,114.739998
2018-08-10,14.08,275.039337,83.237335,164.320602,114.690002
2018-08-13,14.01,274.00973500000003,83.133682,163.359375,112.959999
2018-08-14,13.99,275.758087,83.557732,164.97773700000002,113.07
2018-08-15,13.51,273.698914,83.699089,162.908173,111.190002
2018-08-16,13.63,275.913544,83.90641,164.418686,111.099998
2018-08-17,13.69,276.884857,84.076027,165.124878,112.129997
2018-08-20,13.76,277.477356,84.405846,165.585876,112.690002
2018-08-21,13.83,278.128113,84.123138,167.488724,113.019997
2018-08-22,14.27,277.962982,84.104279,167.900681,113.269997
2018-08-23,14.27,277.593933,84.132576,167.39064,112.199997
2018-08-24,14.43,279.26455699999997,84.321045,168.302826,114.160004
2018-08-27,14.5,281.46948199999997,84.01949300000001,168.548035,114.589996
2018-08-28,14.43,281.605438,83.708519,168.704956,113.68
2018-08-29,14.66,283.120697,83.717934,169.195374,114.199997
2018-08-30,14.75,281.97454799999997,83.670822,169.05806,113.639999
2018-08-31,14.71,281.98425299999997,83.435234,169.705414,113.510002
2018-09-04,14.58,281.498596,83.063614,168.950165,112.93
2018-09-05,14.49,280.740967,83.016304,168.498962,113.32
2018-09-06,14.3,279.895935,83.299995,167.361206,113.540001
2018-09-07,14.28,279.35199,82.836662,167.272919,113.230003
2018-09-10,14.21,279.837646,83.167641,167.478912,113.150002
2018-09-11,14.6,280.76034500000003,82.789383,167.75354,113.220001
2018-09-12,14.78,280.8284,83.158173,167.35141000000002,114.16999799999999
2018-09-13,14.49,282.489349,83.460762,167.39064,113.760002
2018-09-14,14.5,282.537903,83.233818,168.096832,113.019997
2018-09-17,14.47,281.04205299999995,83.186531,166.311691,113.610001
2018-09-18,14.69,282.567078,82.552971,167.008102,113.440002
2018-09-19,14.94,282.868195,82.259827,166.399979,113.879997
2018-09-20,14.8,285.160492,82.789383,167.93991100000002,114.269997
2018-09-21,14.96,284.89993300000003,82.855576,167.13558999999998,113.489998
2018-09-24,15.25,283.953522,82.609711,166.51766999999998,113.470001
2018-09-25,15.27,283.690033,82.552971,166.77268999999998,113.650002
2018-09-26,15.11,282.841217,83.129799,165.248352,113.050003
2018-09-27,15.26,283.631531,83.26220699999999,165.258179,112.050003
2018-09-28,15.52,283.660828,83.205444,165.75975,112.760002
2018-10-01,15.95,284.646301,82.98526,163.576492,112.57
2018-10-02,15.87,284.480408,83.288963,161.80629,113.870003
2018-10-03,16.08,284.636536,82.406349,163.22245800000002,113.41999799999999
2018-10-04,15.74,282.411896,81.941315,160.93103,113.480003
2018-10-05,15.69,280.831207,81.343399,159.47554,113.800003
2018-10-08,15.68,280.831207,81.14409599999999,159.141174,112.540001
2018-10-09,15.82,280.421417,81.54271700000001,158.521591,112.599998
2018-10-10,15.38,271.542389,81.210526,153.968246,112.879997
2018-10-11,14.95,265.561279,81.72303000000001,151.027725,115.779999
2018-10-12,15.12,269.249481,81.760994,151.05723600000002,115.230003
2018-10-15,15.13,267.737091,81.485748,151.617798,116.0
2018-10-16,15.19,273.59137000000004,81.656601,156.013809,115.800003
2018-10-17,14.82,273.640198,81.26747900000001,155.345062,115.790001
2018-10-18,14.56,269.68850699999996,81.115623,152.434067,115.91999799999999
2018-10-19,14.72,269.542175,81.001747,150.821213,116.010002
2018-10-22,14.74,268.332275,80.878365,150.496658,115.709999
2018-10-23,14.04,266.966278,80.830917,149.14936799999998,116.389999
2018-10-24,14.05,258.877594,81.049194,143.533875,116.660004
2018-10-25,14.21,263.52194199999997,80.878365,146.64158600000002,116.400002
2018-10-26,14.33,258.88729900000004,81.030212,145.03855900000002,116.769997
2018-10-29,14.11,257.45297200000005,80.717033,144.241959,116.309998
2018-10-30,14.03,261.26806600000003,80.451286,147.251297,115.800003
2018-10-31,13.79,264.058624,80.223511,147.54634099999998,115.150002
2018-11-01,13.46,266.86868300000003,80.259727,150.949051,116.629997
2018-11-02,13.31,265.288025,79.85000600000001,151.45060700000002,116.650002
2018-11-05,13.3,266.751617,80.07869699999999,151.332596,116.370003
2018-11-06,13.18,268.439606,80.488426,152.08003200000002,116.040001
2018-11-07,13.06,274.186584,80.89814799999999,154.804169,116.029999
2018-11-08,12.84,273.68893399999996,80.593231,154.391144,115.779999
2018-11-09,12.7,271.01550299999997,80.812393,151.529282,114.480003
2018-11-12,12.48,265.95153799999997,80.73616,148.529785,113.660004
2018-11-13,11.69,265.453888,80.326431,148.057724,113.699997
2018-11-14,11.95,263.63909900000004,79.830933,146.975922,114.639999
2018-11-15,11.98,266.390594,79.67849,149.070679,114.769997
2018-11-16,12.07,267.08337400000005,79.802376,149.42472800000002,115.620003
2018-11-19,12.14,262.565765,79.688011,146.39570600000002,115.66999799999999
2018-11-20,11.27,257.706665,79.792831,143.573227,115.66999799999999
2018-11-21,11.52,258.584839,79.8881,145.579437,115.860001
2018-11-23,10.83,256.85784900000004,79.964325,145.441772,115.769997
2018-11-26,10.94,261.004608,80.040565,147.32998700000002,115.639999
2018-11-27,10.95,261.882751,79.964325,146.110535,114.949997
2018-11-28,10.66,267.912689,79.783302,149.719742,115.379997
2018-11-29,10.87,267.327271,79.59272800000001,149.316528,115.739998
2018-11-30,10.73,268.956757,79.56414000000001,150.093475,115.540001
2018-12-03,11.27,272.51806600000003,79.96299,151.529282,116.410004
2018-12-04,11.18,263.68786600000004,80.41256700000001,145.077896,117.120003
2018-12-06,10.94,263.287811,80.41256700000001,144.763184,117.139999
2018-12-07,11.11,257.170105,80.54645500000001,141.63583400000002,118.089996
2018-12-10,10.75,257.65792799999997,80.699493,141.222778,117.68
2018-12-11,10.95,257.716461,81.235146,141.07527199999998,117.540001
2018-12-12,10.82,259.01416,81.397736,142.42259199999998,117.790001
2018-12-13,11.21,258.926331,81.617722,140.406525,117.529999
2018-12-14,10.82,254.145355,81.53164699999999,138.282272,117.059998
2018-12-17,10.45,249.15940899999998,81.732513,135.202682,117.870003
2018-12-18,9.79,248.886215,82.182068,135.034927,118.150002
2018-12-19,10.02,245.15895099999997,82.287285,132.222717,117.43
2018-12-20,9.72,241.16827400000003,81.63687900000001,130.042038,119.239998
2018-12-21,9.57,236.22683700000002,81.58905,126.667404,118.720001
2018-12-24,9.29,229.98504599999998,81.275925,124.210426,120.019997
2018-12-26,9.9,241.605011,80.978172,130.18019099999998,119.660004
2018-12-27,9.62,243.4599,80.978172,130.72288500000002,120.57
2018-12-28,9.53,243.14581299999998,81.535255,131.097855,121.059998
2018-12-31,9.66,245.275513,81.81378199999999,132.12403899999998,121.25
2019-01-02,9.85,245.53065499999997,82.19799,132.873978,121.33000200000001
2019-01-03,9.95,239.67163100000002,82.19799,130.495926,122.43
2019-01-04,10.18,247.699615,81.996284,135.370422,121.440002
2019-01-07,10.29,249.65263399999998,82.169159,137.738571,121.860001
2019-01-08,10.5,251.99819900000003,82.591789,139.850204,121.529999
2019-01-09,11.05,253.17590299999998,82.985573,141.004684,122.309998
2019-01-10,11.1,254.069016,82.41888399999999,141.734863,121.589996
2019-01-11,10.9,254.167145,82.60137900000001,141.774338,121.800003
2019-01-14,10.69,252.61651600000002,82.169159,140.363312,122.089996
2019-01-15,11.0,255.511658,82.11153399999999,141.54740900000002,121.879997
2019-01-16,11.06,256.12994399999997,82.19799,142.603195,122.269997
2019-01-17,11.03,258.073151,82.428497,143.895828,122.110001
2019-01-18,11.31,261.508118,82.591789,145.375931,121.019997
2019-01-22,11.12,257.975006,82.716652,143.076843,121.449997
2019-01-23,11.05,258.514801,83.11041999999999,142.682129,121.279999
2019-01-24,11.17,258.652191,83.446602,143.540604,121.089996
2019-01-25,11.25,260.840759,83.46582,145.385788,122.860001
2019-01-28,10.95,258.858337,83.436996,144.606277,123.290001
2019-01-29,11.16,258.514801,83.62910500000001,144.260925,123.980003
2019-01-30,11.4,262.6073,84.12853199999999,145.839691,124.690002
2019-01-31,11.35,264.91360499999996,85.108253,147.082993,124.75
2019-02-01,11.63,265.041229,84.883629,147.201401,124.5
2019-02-04,11.5,266.90588399999996,84.681213,148.957794,123.959999
2019-02-05,11.29,268.02475,85.143913,149.115646,124.279999
2019-02-06,11.32,267.671417,84.970398,148.928177,123.440002
2019-02-07,11.07,265.11975099999995,84.86438000000001,147.70462,123.739998
2019-02-08,11.08,265.443604,85.336685,147.862503,124.209999
2019-02-11,11.01,265.59078999999997,85.124611,149.095947,123.599998
2019-02-12,11.16,269.006165,85.095703,150.960846,123.860001
2019-02-13,11.34,269.879578,84.922203,151.385147,123.370003
2019-02-14,11.48,269.280975,84.94148299999999,151.73053000000002,124.059998
2019-02-15,11.71,272.215393,85.269203,154.14801,124.800003
2019-02-19,11.78,272.68643199999997,85.298126,154.572311,126.699997
2019-02-20,11.93,273.236023,85.13427,155.302505,126.480003
2019-02-21,11.88,272.264465,84.690857,154.710449,125.050003
2019-02-22,11.95,273.952515,85.114983,156.05242900000002,125.5
2019-02-25,11.57,274.325409,85.13427,156.09188799999998,125.370003
2019-02-26,11.63,274.12915,85.288513,155.016357,125.58000200000001
2019-02-27,11.89,274.011383,84.652298,155.233444,124.690002
2019-02-28,11.95,273.50100699999996,84.70049300000001,154.70060700000002,123.989998
2019-03-01,11.66,275.20874,84.40454100000001,156.14123500000002,121.879997
2019-03-04,11.8,274.20764199999996,84.636673,154.730209,121.559998
2019-03-05,11.82,273.834717,84.781754,154.009872,121.720001
2019-03-06,11.75,272.176117,85.004204,150.99046299999998,121.610001
2019-03-07,11.81,269.899231,85.275002,149.668228,121.510002
2019-03-08,11.73,269.35943599999996,85.381378,149.628769,122.839996
2019-03-11,11.86,273.26550299999997,85.487778,152.243607,122.239998
2019-03-12,11.89,274.29599,85.913322,152.322556,122.980003
2019-03-13,12.19,276.111603,85.671524,152.924454,123.839996
2019-03-14,12.22,275.934967,85.39104499999999,152.302826,122.410004
2019-03-15,12.2,277.298218,85.826279,152.707382,122.970001
2019-03-18,12.31,278.30365,85.76825699999999,153.68425,123.040001
2019-03-19,12.28,278.372681,85.826279,152.90473899999998,123.379997
2019-03-20,12.5,277.53479,86.541985,151.630417,124.18
2019-03-21,12.44,280.669464,86.75475300000001,153.61906399999998,123.68
2019-03-22,12.23,275.26757799999996,87.52849599999999,148.029114,123.970001
2019-03-25,12.25,275.060577,87.79929399999999,148.682098,124.91999799999999
2019-03-26,12.47,277.110931,87.770271,150.245316,124.300003
2019-03-27,12.34,275.661896,88.263527,149.661575,123.650002
2019-03-28,12.35,276.706787,88.263527,150.99723799999998,121.900002
2019-03-29,12.5,278.45153799999997,88.52467299999999,151.462234,122.010002
2019-04-01,12.82,281.753723,87.682022,153.114471,121.529999
2019-04-02,13.01,281.891754,87.905312,152.718719,121.980003
2019-04-03,12.99,282.335327,87.66261300000001,153.510223,121.800003
2019-04-04,12.92,283.084503,87.759697,154.262146,122.110001
2019-04-05,13.15,284.45471200000003,88.00238,155.706635,121.980003
2019-04-08,13.4,284.671539,87.982964,155.449387,122.510002
2019-04-09,13.33,283.212646,88.186829,153.549805,123.150002
2019-04-10,13.41,284.17871099999996,88.72077900000001,155.63736,123.529999
2019-04-11,13.27,284.099823,88.662537,155.43948400000002,121.949997
2019-04-12,13.3,286.02203399999996,88.507187,156.00341799999998,121.83000200000001
2019-04-15,13.24,285.834747,88.49748199999999,155.49885600000002,121.599998
2019-04-16,13.37,286.02203399999996,87.94413,155.864899,120.510002
2019-04-17,13.28,285.322144,88.00238,154.440231,120.279999
2019-04-18,13.32,285.884003,88.264503,153.985107,120.370003
2019-04-22,13.67,286.130432,87.94413,153.579483,120.370003
2019-04-23,13.79,288.703217,88.206253,155.894592,120.120003
2019-04-24,13.68,288.0625,88.83728,156.379379,120.470001
2019-04-25,13.53,287.88501,88.749901,155.08331299999998,120.57
2019-04-26,13.09,289.225677,89.196457,156.58715800000002,121.370003
2019-04-29,13.23,289.679077,88.662537,157.339081,120.83000200000001
2019-04-30,13.29,289.826965,88.681923,156.606918,121.199997
2019-05-01,13.22,287.648499,89.108597,155.122879,120.400002
2019-05-02,12.82,287.027466,88.475441,155.845139,119.940002
2019-05-03,12.87,289.836823,88.757912,158.823135,120.650002
2019-05-06,13.07,288.644073,88.97222099999999,159.001221,120.809998
2019-05-07,12.73,283.823822,89.02091999999999,155.855026,121.209999
2019-05-08,12.89,283.429504,88.660515,155.09321599999998,120.910004
2019-05-09,12.81,282.57189900000003,88.738426,154.529282,121.199997
2019-05-10,12.84,283.991394,88.699471,154.954697,121.43
2019-05-13,12.68,276.854614,88.728691,150.017761,122.66999799999999
2019-05-14,12.87,279.358398,88.660515,151.90743999999998,122.459999
2019-05-15,12.97,280.99472000000003,88.97222099999999,152.40213,122.389999
2019-05-16,13.14,283.597107,88.923508,153.351929,121.510002
2019-05-17,13.08,281.763641,89.05989100000001,151.214874,120.650002
2019-05-20,13.15,279.900574,88.83584599999999,150.166153,120.639999
2019-05-21,13.13,282.424072,88.913765,152.184464,120.360001
2019-05-22,12.74,281.55661000000003,88.991699,150.908173,120.239998
2019-05-23,12.09,278.116394,89.244957,147.801575,121.16999799999999
2019-05-24,12.23,278.747284,89.566383,149.186691,121.300003
2019-05-28,12.23,276.15475499999997,89.75148,147.999435,120.83000200000001
2019-05-29,12.24,274.301575,90.004745,146.76272600000001,120.870003
2019-05-30,11.76,275.050751,90.540474,146.357086,121.690002
2019-05-31,11.1,271.34432999999996,90.793747,144.309097,123.33000200000001
2019-06-03,10.99,270.654327,91.045959,144.813675,125.110001
2019-06-04,11.16,276.529358,90.860229,148.563385,125.150002
2019-06-05,10.77,278.924683,90.694023,148.593063,125.470001
2019-06-06,11.06,280.738434,90.957985,148.207214,125.879997
2019-06-07,11.23,283.547791,91.681427,149.255951,126.589996
2019-06-10,11.11,284.84899900000005,91.407684,150.136475,125.33000200000001
2019-06-11,11.11,284.77999900000003,91.43701899999999,149.69125400000001,125.18
2019-06-12,10.64,284.277283,91.309929,149.859451,125.83000200000001
2019-06-13,10.88,285.450256,91.65209200000001,151.442444,126.599998
2019-06-14,10.94,285.134857,91.857399,150.11668400000002,126.559998
2019-06-17,10.81,285.24325600000003,91.984474,151.152237,126.480003
2019-06-18,11.25,288.230072,92.81546800000001,152.909576,127.120003
2019-06-19,11.33,288.880646,93.75398299999999,153.455658,127.889999
2019-06-20,11.85,291.640717,94.428535,154.18043500000002,131.110001
2019-06-21,11.97,291.21679700000004,93.841972,152.850021,131.979996
2019-06-24,12.01,290.860199,94.3992,150.993393,133.940002
2019-06-25,12.0,288.007477,94.047264,150.070007,134.199997
2019-06-26,12.29,287.72018399999996,93.744209,149.722519,132.970001
2019-06-27,12.29,288.740448,94.516518,152.532303,132.83999599999999
2019-06-28,12.04,290.226227,94.702278,154.388931,133.199997
2019-07-01,12.28,292.861084,95.124977,154.98466499999998,130.619995
2019-07-02,11.7,293.623779,95.49769599999999,154.041428,133.41000400000001
2019-07-03,11.77,295.971344,96.086159,155.143509,133.630005
2019-07-05,11.95,295.634552,95.017105,155.560501,132.139999
2019-07-08,11.93,294.01010099999996,94.654213,154.081161,131.28999299999998
2019-07-09,12.04,294.37658700000003,94.634598,154.289642,131.75
2019-07-10,12.53,295.783112,94.55613699999999,154.557724,133.830002
2019-07-11,12.55,296.476501,93.791138,153.80316200000001,132.699997
2019-07-12,12.52,297.803802,93.74209599999999,154.994583,133.529999
2019-07-15,12.3,297.90286299999997,94.04613499999999,154.18043500000002,133.529999
2019-07-16,12.07,296.942047,93.7519,154.130814,132.399994
2019-07-17,11.75,294.921356,94.585564,153.028748,134.580002
2019-07-18,11.56,296.001038,94.89941400000001,153.604599,136.479996
2019-07-19,11.67,294.356781,94.644417,152.72096299999998,134.470001
2019-07-22,11.68,295.079834,94.88961,152.58194,134.449997
2019-07-23,11.81,297.189667,95.026901,153.59465,133.690002
2019-07-24,11.59,298.58633399999997,95.41922,156.136368,134.369995
2019-07-25,11.6,297.159973,95.154404,154.24993899999998,133.419998
2019-07-26,11.65,299.15094,95.34075899999999,156.076797,133.639999
2019-07-29,11.82,298.60614,95.301529,155.034302,134.529999
2019-07-30,12.08,297.873138,95.232872,156.712219,134.979996
2019-07-31,12.04,294.614288,95.517296,155.441376,133.21000700000002
2019-08-01,11.31,292.04882799999996,96.64813199999999,153.187576,136.41000400000001
2019-08-02,11.48,289.849854,96.874504,151.489807,135.889999
2019-08-05,11.37,281.133148,97.18944499999999,146.94253500000002,137.78999299999998
2019-08-06,11.14,285.07547,97.878387,148.292816,138.91000400000001
2019-08-07,10.84,285.243866,97.957115,148.25311299999998,141.020004
2019-08-08,10.96,290.84036299999997,98.3508,151.450089,141.729996
2019-08-09,11.28,288.859283,98.094902,149.543793,141.259995
2019-08-12,11.36,285.342926,99.010201,147.607742,142.630005
2019-08-13,11.87,289.780487,99.0299,149.196304,141.779999
2019-08-14,11.44,281.212372,99.866463,145.026321,142.75
2019-08-15,11.35,281.955292,100.329041,144.45047,143.699997
2019-08-16,11.4,286.115509,100.29950699999999,147.568039,142.779999
2019-08-19,11.66,289.56256099999996,99.787727,149.05732700000002,141.110001
2019-08-20,11.63,287.34381099999996,100.535721,148.08432,142.21000700000002
2019-08-21,11.61,289.681458,100.801445,149.305527,141.759995
2019-08-22,11.53,289.592285,100.24045600000001,148.958023,141.399994
2019-08-23,11.19,282.153412,101.067184,144.390884,144.169998
2019-08-26,11.18,285.27356000000003,100.742401,145.979462,144.190002
2019-08-27,11.42,284.154266,101.765968,143.815048,145.570007
2019-08-28,11.64,286.155151,101.834846,145.492966,145.16000400000001
2019-08-29,11.78,289.810211,101.421494,148.044601,144.119995
2019-08-30,11.46,289.681458,100.958923,147.776535,143.75
2019-09-03,11.22,287.98764,101.333168,145.612106,145.75
2019-09-04,11.71,291.25640899999996,101.204796,146.78366100000002,146.66000400000001
2019-09-05,11.7,295.00061,100.098846,149.514023,143.139999
2019-09-06,11.77,295.228424,100.967812,148.828949,141.919998
2019-09-09,12.08,295.37701400000003,99.59524499999999,150.824585,141.389999
2019-09-10,11.98,295.307709,98.400414,152.750748,140.179993
2019-09-11,11.68,297.407593,97.995552,155.87822,141.029999
2019-09-12,11.47,298.437775,98.19304699999999,155.917938,141.320007
2019-09-13,11.44,298.23965499999997,96.42549100000001,156.186005,140.149994
2019-09-16,12.83,297.318481,97.20558199999999,156.77178999999998,141.320007
2019-09-17,12.29,298.071259,97.580811,156.364731,141.600006
2019-09-18,12.1,298.249573,98.153549,155.401657,140.71000700000002
2019-09-19,12.19,298.229736,98.509033,154.647079,141.279999
2019-09-20,12.2,296.820679,99.59524499999999,154.319427,142.949997
2019-09-23,12.21,296.75100699999996,99.555748,154.200302,143.75
2019-09-24,11.9,294.42245499999996,100.108719,151.872833,144.509995
2019-09-25,11.8,296.16391,99.298996,153.536743,141.830002
2019-09-26,11.8,295.54693599999996,99.65448,151.823029,141.78999299999998
2019-09-27,11.66,293.954773,99.63473499999999,150.607483,141.059998
2019-09-30,11.34,295.318054,99.871727,150.786819,138.869995
2019-10-01,11.19,291.805328,100.134224,147.827667,139.630005
2019-10-02,10.98,286.650665,99.906403,146.711777,141.259995
2019-10-03,10.93,288.999146,100.352135,147.199982,141.899994
2019-10-04,11.04,292.909912,101.114868,148.594864,141.899994
2019-10-07,11.04,291.64608799999996,100.37195600000001,148.335815,140.690002
2019-10-08,10.89,287.118378,100.243179,145.924667,141.919998
2019-10-09,10.99,289.844971,99.916306,146.592209,142.050003
2019-10-10,11.19,291.805328,99.213013,147.180054,140.809998
2019-10-11,11.42,294.830444,98.876228,149.67091399999998,140.029999
2019-10-14,11.18,294.502075,99.60923000000001,149.122925,140.58999599999999
2019-10-15,11.06,297.417755,98.935661,150.836639,139.610001
2019-10-16,11.14,296.940094,98.965378,150.996063,140.41000400000001
2019-10-17,11.28,297.815796,99.312073,152.77951000000002,140.610001
2019-10-18,11.22,296.512207,99.38140899999999,152.052185,140.46000700000002
2019-10-21,11.21,298.522308,99.024811,153.476944,139.78999299999998
2019-10-22,11.34,297.547119,99.371498,153.646332,140.199997
2019-10-23,11.65,298.412842,99.520088,153.835632,140.529999
2019-10-24,11.73,298.90045200000003,99.698387,153.61643999999998,141.529999
2019-10-25,11.83,300.12445099999997,99.549805,154.433441,141.860001
2019-10-28,11.65,301.816101,99.044617,155.76853899999998,140.639999
2019-10-29,11.58,301.72653199999996,98.62859300000001,156.27668799999998,140.25
2019-10-30,11.47,302.652008,99.20311,155.758591,141.020004
2019-10-31,11.3,301.845947,100.15403,154.88179,142.429993
2019-11-01,11.69,304.642242,100.371666,157.522125,142.559998
2019-11-04,11.81,305.86621099999996,99.676025,158.369003,142.149994
2019-11-05,11.93,305.52786299999997,98.672302,158.568268,139.850006
2019-11-06,11.81,305.597534,99.348076,157.651627,140.449997
2019-11-07,11.88,306.67224100000004,98.433807,158.070099,138.270004
2019-11-08,11.99,307.428528,98.036293,158.498535,137.389999
2019-11-11,11.89,306.8414,98.095917,158.199631,137.059998
2019-11-12,11.87,307.48822,98.384117,158.249451,137.429993
2019-11-13,11.96,307.587738,98.81144,157.57193,137.979996
2019-11-14,11.91,308.035522,99.36795,157.522125,138.559998
2019-11-15,12.08,310.264587,99.377892,158.339111,138.21000700000002
2019-11-18,11.9,310.493439,99.666084,157.940582,138.619995
2019-11-19,11.57,310.4039,100.053658,158.528427,138.690002
2019-11-20,11.9,309.249542,100.451172,157.930603,138.759995
2019-11-21,12.2,308.75201400000003,99.954285,157.153458,138.0
2019-11-22,12.11,309.438629,100.331917,157.641678,137.740005
2019-11-25,12.11,311.83685299999996,100.83874499999999,160.989395,137.080002
2019-11-26,12.19,312.543365,101.315758,161.098999,137.740005
2019-11-27,12.14,313.936523,101.395264,162.234833,137.009995
2019-11-29,11.62,312.772247,101.17662800000001,161.17871100000002,137.860001
2019-12-02,11.67,310.115326,100.35331,159.604477,137.78999299999998
2019-12-03,11.76,308.035522,101.389938,159.096329,139.110001
2019-12-04,12.19,309.936188,101.150719,160.192322,138.919998
2019-12-05,12.19,310.493439,101.02113299999999,160.35173,139.0
2019-12-06,12.32,313.329498,100.961334,162.22486899999998,137.619995
2019-12-09,12.33,312.34436,101.100876,161.915985,137.580002
2019-12-10,12.39,311.996063,100.981262,162.015625,137.970001
2019-12-11,12.3,312.881714,101.619186,161.96580500000002,138.919998
2019-12-12,12.37,315.578461,100.981262,163.360703,138.429993
2019-12-13,12.49,315.767517,101.808571,162.733002,139.050003
2019-12-16,12.59,317.93685899999997,101.47964499999999,163.880005,139.03999299999998
2019-12-17,12.72,318.006531,101.35006700000001,164.699997,139.009995
2019-12-18,12.74,318.026398,101.02113299999999,165.020004,139.020004
2019-12-19,12.78,319.329987,101.26035300000001,165.729996,139.380005
2019-12-20,12.63,320.730011,101.370003,165.970001,139.520004
2019-12-23,12.7,321.22000099999997,101.389999,166.300003,139.949997
2019-12-24,12.77,321.230011,101.75,166.679993,141.270004
2019-12-26,12.89,322.940002,101.699997,166.679993,142.380005
2019-12-27,12.91,322.859985,101.879997,165.860001,142.330002
2019-12-30,12.89,321.079987,101.970001,165.440002,142.630005
2019-12-31,12.81,321.859985,101.360001,165.669998,142.899994
2020-01-02,12.81,324.869995,101.66999799999999,165.779999,143.949997
2020-01-03,13.18,322.410004,102.389999,165.130005,145.860001
